{
    "R2": 0.8890109537922735,
    "MAE": 68638.67578013391,
    "MAPE": 0.1292666809439653,
    "RMSLE": 0.17462671511986216,
    "rate": 23.941707147814018
}