{
    "R2": 0.8955601507963589,
    "MAE": 67944.83568463805,
    "MAPE": 0.12892529834198174,
    "RMSLE": 0.17386467118088206,
    "rate": 24.219292158223457
}